cif,x1,y1,z1,x2,y2,z2,fx1,fy1,fz1,fx2,fy2,fz2
1.0,0.524595,0.234943,0.347538,0.462635,0.153315,0.221295,0,0,0,0,0,0
2.0,0.524595,0.234943,0.347538,0.567575,0.152283,0.216859,1,1,1,1,1,1
3.0,0.524595,0.234943,0.347538,0.634437,0.22711,0.222655,2,2,2,2,2,2
4.0,0.524595,0.234943,0.347538,0.612874,0.32145,0.234319,3,3,3,3,3,3
5.0,0.524595,0.234943,0.347538,0.519122,0.364262,0.243067,4,4,4,4,4,4
6.0,0.524595,0.234943,0.347538,0.423778,0.323308,0.242313,5,5,5,5,5,5
7.0,0.524595,0.234943,0.347538,0.398639,0.229428,0.232623,6,6,6,6,6,6
8.0,0.491325,0.262324,0.345567,0.405484,0.244297,0.209979,7,7,7,7,7,7
9.0,0.491325,0.262324,0.345567,0.450433,0.158324,0.226231,8,8,8,8,8,8
10.0,0.491325,0.262324,0.345567,0.550536,0.139527,0.245955,9,9,9,9,9,9
11.0,0.491325,0.262324,0.345567,0.630415,0.202061,0.254299,10,10,10,10,10,10
12.0,0.491325,0.262324,0.345567,0.629918,0.298836,0.24498,11,11,11,11,11,11
13.0,0.491325,0.262324,0.345567,0.549421,0.356979,0.225015,12,12,12,12,12,12
14.0,0.491325,0.262324,0.345567,0.449538,0.332707,0.209438,13,13,13,13,13,13
15.0,0.555336,0.26,0.343597,0.398242,0.225978,0.2613,14,14,14,14,14,14
16.0,0.555336,0.26,0.343597,0.460863,0.148579,0.251665,15,15,15,15,15,15
17.0,0.555336,0.26,0.343597,0.561122,0.146046,0.226648,16,16,16,16,16,16
18.0,0.555336,0.26,0.343597,0.623522,0.220285,0.205087,17,17,17,17,17,17
19.0,0.555336,0.26,0.343597,0.601074,0.315393,0.203218,18,18,18,18,18,18
20.0,0.555336,0.26,0.343597,0.510683,0.359753,0.222448,19,19,19,19,19,19
21.0,0.555336,0.26,0.343597,0.420414,0.319959,0.248297,20,20,20,20,20,20
22.0,0.494685,0.21402,0.341626,0.497314,0.154891,0.197702,21,21,21,21,21,21
23.0,0.494685,0.21402,0.341626,0.597737,0.170224,0.218579,22,22,22,22,22,22
24.0,0.494685,0.21402,0.341626,0.641884,0.251064,0.249286,23,23,23,23,23,23
25.0,0.494685,0.21402,0.341626,0.596513,0.336537,0.266699,24,24,24,24,24,24
26.0,0.494685,0.21402,0.341626,0.495788,0.36228,0.257706,25,25,25,25,25,25
27.0,0.494685,0.21402,0.341626,0.415558,0.308909,0.229079,26,26,26,26,26,26
28.0,0.494685,0.21402,0.341626,0.416237,0.216612,0.202375,27,27,27,27,27,27
29.0,0.508307,0.296588,0.339656,0.401384,0.254772,0.218208,28,28,28,28,28,28
30.0,0.508307,0.296588,0.339656,0.429802,0.17007,0.252774,29,29,29,29,29,29
31.0,0.508307,0.296588,0.339656,0.526346,0.138526,0.271718,30,30,30,30,30,30
32.0,0.508307,0.296588,0.339656,0.618318,0.183895,0.260774,31,31,31,31,31,31
33.0,0.508307,0.296588,0.339656,0.63646,0.272012,0.228183,32,32,32,32,32,32
34.0,0.508307,0.296588,0.339656,0.567112,0.336524,0.198487,33,33,33,33,33,33
35.0,0.508307,0.296588,0.339656,0.462493,0.328852,0.194048,34,34,34,34,34,34
36.0,0.563705,0.219089,0.337686,0.41332,0.302418,0.276021,35,35,35,35,35,35
37.0,0.563705,0.219089,0.337686,0.403158,0.208653,0.254909,36,36,36,36,36,36
38.0,0.563705,0.219089,0.337686,0.472824,0.150692,0.216864,37,37,37,37,37,37
39.0,0.563705,0.219089,0.337686,0.569858,0.172181,0.190535,38,38,38,38,38,38
40.0,0.563705,0.219089,0.337686,0.621191,0.256939,0.195748,39,39,39,39,39,39
41.0,0.563705,0.219089,0.337686,0.588168,0.34114,0.228578,40,40,40,40,40,40
42.0,0.563705,0.219089,0.337686,0.495657,0.36138,0.264303,41,41,41,41,41,41
43.0,0.457682,0.243904,0.335715,0.469814,0.161447,0.200876,42,42,42,42,42,42
44.0,0.457682,0.243904,0.335715,0.560205,0.142818,0.240484,43,43,43,43,43,43
45.0,0.457682,0.243904,0.335715,0.62817,0.205822,0.27432,44,44,44,44,44,44
46.0,0.457682,0.243904,0.335715,0.622528,0.303016,0.276903,45,45,45,45,45,45
47.0,0.457682,0.243904,0.335715,0.547529,0.361211,0.246289,46,46,46,46,46,46
48.0,0.457682,0.243904,0.335715,0.459648,0.336585,0.205531,47,47,47,47,47,47
49.0,0.457682,0.243904,0.335715,0.425062,0.247681,0.18532,48,48,48,48,48,48
50.0,0.561261,0.295329,0.333745,0.566892,0.320483,0.182692,49,49,49,49,49,49
51.0,0.561261,0.295329,0.333745,0.468668,0.341738,0.206207,50,50,50,50,50,50
52.0,0.561261,0.295329,0.333745,0.40131,0.287073,0.25,51,51,51,51,51,51
53.0,0.561261,0.295329,0.333745,0.415541,0.197651,0.281224,52,52,52,52,52,52
54.0,0.561261,0.295329,0.333745,0.500643,0.140809,0.276236,53,53,53,53,53,53
55.0,0.561261,0.295329,0.333745,0.592534,0.15935,0.238851,54,54,54,54,54,54
56.0,0.561261,0.295329,0.333745,0.622018,0.239313,0.19722,55,55,55,55,55,55
57.0,0.5197,0.186128,0.331774,0.552368,0.352329,0.28496,56,56,56,56,56,56
58.0,0.5197,0.186128,0.331774,0.448639,0.338757,0.278264,57,57,57,57,57,57
59.0,0.5197,0.186128,0.331774,0.397133,0.267994,0.237942,58,58,58,58,58,58
60.0,0.5197,0.186128,0.331774,0.436635,0.193325,0.194355,59,59,59,59,59,59
61.0,0.5197,0.186128,0.331774,0.537398,0.170979,0.180326,60,60,60,60,60,60
62.0,0.5197,0.186128,0.331774,0.623546,0.217782,0.20642,61,61,61,61,61,61
63.0,0.5197,0.186128,0.331774,0.630209,0.29849,0.252986,62,62,62,62,62,62
64.0,0.468213,0.298586,0.329804,0.44172,0.285744,0.179015,63,63,63,63,63,63
65.0,0.468213,0.298586,0.329804,0.420361,0.197566,0.210217,64,64,64,64,64,64
66.0,0.468213,0.298586,0.329804,0.480291,0.141541,0.259331,65,65,65,65,65,65
67.0,0.468213,0.298586,0.329804,0.576381,0.159856,0.289371,66,66,66,66,66,66
68.0,0.468213,0.298586,0.329804,0.636273,0.23872,0.277718,67,67,67,67,67,67
69.0,0.468213,0.298586,0.329804,0.614868,0.318747,0.233146,68,68,68,68,68,68
70.0,0.468213,0.298586,0.329804,0.528284,0.339674,0.189219,69,69,69,69,69,69
71.0,0.593897,0.24531,0.327833,0.525962,0.360628,0.22519,70,70,70,70,70,70
72.0,0.593897,0.24531,0.327833,0.444618,0.337526,0.274361,71,71,71,71,71,71
73.0,0.593897,0.24531,0.327833,0.407325,0.249226,0.293439,72,72,72,72,72,72
74.0,0.593897,0.24531,0.327833,0.442163,0.162219,0.268057,73,73,73,73,73,73
75.0,0.593897,0.24531,0.327833,0.5229,0.142024,0.217329,74,74,74,74,74,74
76.0,0.593897,0.24531,0.327833,0.588739,0.203848,0.179454,75,75,75,75,75,75
77.0,0.593897,0.24531,0.327833,0.590102,0.301136,0.182953,76,76,76,76,76,76
78.0,0.456686,0.204346,0.325863,0.463783,0.352379,0.241831,77,77,77,77,77,77
79.0,0.456686,0.204346,0.325863,0.42563,0.283182,0.191347,78,78,78,78,78,78
80.0,0.456686,0.204346,0.325863,0.466538,0.195893,0.173578,79,79,79,79,79,79
81.0,0.456686,0.204346,0.325863,0.555703,0.156242,0.201905,80,80,80,80,80,80
82.0,0.456686,0.204346,0.325863,0.625981,0.194087,0.254997,81,81,81,81,81,81
83.0,0.456686,0.204346,0.325863,0.624452,0.28093,0.292874,82,82,82,82,82,82
84.0,0.456686,0.204346,0.325863,0.552267,0.351377,0.287015,83,83,83,83,83,83
85.0,0.530851,0.324866,0.323892,0.584314,0.161158,0.28312,84,84,84,84,84,84
86.0,0.530851,0.324866,0.323892,0.635957,0.221777,0.232101,85,85,85,85,85,85
87.0,0.530851,0.324866,0.323892,0.597085,0.292351,0.183406,86,86,86,86,86,86
88.0,0.530851,0.324866,0.323892,0.496969,0.319734,0.173704,87,87,87,87,87,87
89.0,0.530851,0.324866,0.323892,0.410999,0.283308,0.2103,88,88,88,88,88,88
90.0,0.530851,0.324866,0.323892,0.403912,0.210501,0.265637,89,89,89,89,89,89
91.0,0.530851,0.324866,0.323892,0.481044,0.156139,0.298045,90,90,90,90,90,90
92.0,0.565085,0.184832,0.321922,0.576763,0.349326,0.265349,91,91,91,91,91,91
93.0,0.565085,0.184832,0.321922,0.481465,0.342497,0.300168,92,92,92,92,92,92
94.0,0.565085,0.184832,0.321922,0.40682,0.275856,0.286354,93,93,93,93,93,93
95.0,0.565085,0.184832,0.321922,0.409037,0.199586,0.234307,94,94,94,94,94,94
96.0,0.565085,0.184832,0.321922,0.486446,0.171118,0.183221,95,95,95,95,95,95
97.0,0.565085,0.184832,0.321922,0.580758,0.211891,0.171564,96,96,96,96,96,96
98.0,0.565085,0.184832,0.321922,0.620952,0.291201,0.208115,97,97,97,97,97,97
99.0,0.433759,0.269329,0.319951,0.591105,0.172766,0.293864,98,98,98,98,98,98
100.0,0.433759,0.269329,0.319951,0.623594,0.265108,0.299923,99,99,99,99,99,99
101.0,0.433759,0.269329,0.319951,0.589533,0.343159,0.25783,100,100,100,100,100,100
102.0,0.433759,0.269329,0.319951,0.514572,0.348144,0.199281,101,101,101,101,101,101
103.0,0.433759,0.269329,0.319951,0.455158,0.276309,0.168366,102,102,102,102,102,102
104.0,0.433759,0.269329,0.319951,0.456031,0.181748,0.188363,103,103,103,103,103,103
105.0,0.433759,0.269329,0.319951,0.516533,0.135667,0.244216,104,104,104,104,104,104
106.0,0.596811,0.289729,0.317981,0.466262,0.162035,0.297575,105,105,105,105,105,105
107.0,0.596811,0.289729,0.317981,0.547318,0.138684,0.24819,106,106,106,106,106,106
108.0,0.596811,0.289729,0.317981,0.594648,0.193162,0.189905,107,107,107,107,107,107
109.0,0.596811,0.289729,0.317981,0.572613,0.284445,0.166667,108,108,108,108,108,108
110.0,0.596811,0.289729,0.317981,0.497805,0.343797,0.19585,109,109,109,109,109,109
111.0,0.596811,0.289729,0.317981,0.426556,0.326523,0.255602,110,110,110,110,110,110
112.0,0.596811,0.289729,0.317981,0.412518,0.245631,0.300874,111,111,111,111,111,111
113.0,0.488583,0.169543,0.316011,0.586196,0.190031,0.185848,112,112,112,112,112,112
114.0,0.488583,0.169543,0.316011,0.640973,0.237645,0.244435,113,113,113,113,113,113
115.0,0.488583,0.169543,0.316011,0.607838,0.306711,0.297249,114,114,114,114,114,114
116.0,0.488583,0.169543,0.316011,0.511743,0.345221,0.304518,115,115,115,115,115,115
117.0,0.488583,0.169543,0.316011,0.425049,0.324176,0.26077,116,116,116,116,116,116
118.0,0.488583,0.169543,0.316011,0.413039,0.259423,0.198948,117,117,117,117,117,117
119.0,0.488583,0.169543,0.316011,0.484756,0.199723,0.165604,118,118,118,118,118,118
120.0,0.480645,0.329761,0.31404,0.562796,0.314555,0.176755,119,119,119,119,119,119
121.0,0.480645,0.329761,0.31404,0.463441,0.284928,0.166968,120,120,120,120,120,120
122.0,0.480645,0.329761,0.31404,0.411057,0.216962,0.210039,121,121,121,121,121,121
123.0,0.480645,0.329761,0.31404,0.445092,0.161836,0.273535,122,122,122,122,122,122
124.0,0.480645,0.329761,0.31404,0.539915,0.161062,0.309641,123,123,123,123,123,123
125.0,0.480645,0.329761,0.31404,0.624124,0.215222,0.29117,124,124,124,124,124,124
126.0,0.480645,0.329761,0.31404,0.634307,0.283533,0.23203,125,125,125,125,125,125
127.0,0.606049,0.213973,0.31207,0.5491,0.194788,0.16725,126,126,126,126,126,126
128.0,0.606049,0.213973,0.31207,0.585754,0.285774,0.173399,127,127,127,127,127,127
129.0,0.606049,0.213973,0.31207,0.558345,0.355262,0.227861,128,128,128,128,128,128
130.0,0.606049,0.213973,0.31207,0.487513,0.350928,0.289625,129,129,129,129,129,129
131.0,0.606049,0.213973,0.31207,0.426595,0.276034,0.312181,130,130,130,130,130,130
132.0,0.606049,0.213973,0.31207,0.421465,0.186977,0.278544,131,131,131,131,131,131
133.0,0.606049,0.213973,0.31207,0.475985,0.150819,0.214044,132,132,132,132,132,132
134.0,0.425436,0.221055,0.310099,0.463256,0.245067,0.161876,133,133,133,133,133,133
135.0,0.425436,0.221055,0.310099,0.515367,0.164637,0.184349,134,134,134,134,134,134
136.0,0.425436,0.221055,0.310099,0.583682,0.15286,0.247186,135,135,135,135,135,135
137.0,0.425436,0.221055,0.310099,0.616759,0.218604,0.30307,136,136,136,136,136,136
138.0,0.425436,0.221055,0.310099,0.589691,0.312361,0.30992,137,137,137,137,137,137
139.0,0.425436,0.221055,0.310099,0.522859,0.363532,0.262576,138,138,138,138,138,138
140.0,0.425436,0.221055,0.310099,0.466591,0.333583,0.196691,139,139,139,139,139,139
141.0,0.566525,0.330963,0.308129,0.433268,0.30951,0.200031,140,140,140,140,140,140
142.0,0.566525,0.330963,0.308129,0.397363,0.262388,0.267515,141,141,141,141,141,141
143.0,0.566525,0.330963,0.308129,0.445224,0.19372,0.313035,142,142,142,142,142,142
144.0,0.566525,0.330963,0.308129,0.54081,0.155212,0.302314,143,143,143,143,143,143
145.0,0.566525,0.330963,0.308129,0.612143,0.175863,0.243425,144,144,144,144,144,144
146.0,0.566525,0.330963,0.308129,0.605508,0.240121,0.180713,145,145,145,145,145,145
147.0,0.566525,0.330963,0.308129,0.525902,0.2996,0.1614,146,146,146,146,146,146
148.0,0.542129,0.15852,0.306158,0.617605,0.315213,0.267139,147,147,147,147,147,147
149.0,0.542129,0.15852,0.306158,0.533616,0.335576,0.314341,148,148,148,148,148,148
150.0,0.542129,0.15852,0.306158,0.434475,0.305312,0.304617,149,149,149,149,149,149
151.0,0.542129,0.15852,0.306158,0.394836,0.247208,0.245288,150,150,150,150,150,150
152.0,0.542129,0.15852,0.306158,0.444548,0.205019,0.18103,151,151,151,151,151,151
153.0,0.542129,0.15852,0.306158,0.546177,0.210514,0.160231,152,152,152,152,152,152
154.0,0.542129,0.15852,0.306158,0.623195,0.259555,0.198553,153,153,153,153,153,153
155.0,0.432609,0.303393,0.304188,0.448137,0.188769,0.188292,154,154,154,154,154,154
156.0,0.432609,0.303393,0.304188,0.481212,0.140977,0.256343,155,155,155,155,155,155
157.0,0.432609,0.303393,0.304188,0.555128,0.167224,0.311438,156,156,156,156,156,156
158.0,0.432609,0.303393,0.304188,0.614225,0.247746,0.312089,157,157,157,157,157,157
159.0,0.432609,0.303393,0.304188,0.614002,0.321908,0.257806,158,158,158,158,158,158
160.0,0.432609,0.303393,0.304188,0.554626,0.333865,0.189466,159,159,159,159,159,159
161.0,0.432609,0.303393,0.304188,0.48081,0.274612,0.158529,160,160,160,160,160,160
162.0,0.621933,0.264474,0.302217,0.491552,0.140349,0.268914,161,161,161,161,161,161
163.0,0.621933,0.264474,0.302217,0.545169,0.155866,0.198123,162,162,162,162,162,162
164.0,0.621933,0.264474,0.302217,0.562887,0.240086,0.158514,163,163,163,163,163,163
165.0,0.621933,0.264474,0.302217,0.531364,0.329589,0.179914,164,164,164,164,164,164
166.0,0.621933,0.264474,0.302217,0.474337,0.356978,0.246208,165,165,165,165,165,165
167.0,0.621933,0.264474,0.302217,0.434748,0.301628,0.307475,166,166,166,166,166,166
168.0,0.621933,0.264474,0.302217,0.44241,0.20522,0.31758,167,167,167,167,167,167
169.0,0.451444,0.173367,0.300247,0.575934,0.183129,0.18453,168,168,168,168,168,168
170.0,0.451444,0.173367,0.300247,0.631016,0.203222,0.253738,169,169,169,169,169,169
171.0,0.451444,0.173367,0.300247,0.61129,0.270111,0.312546,170,170,170,170,170,170
172.0,0.451444,0.173367,0.300247,0.531611,0.333333,0.316672,171,171,171,171,171,171
173.0,0.451444,0.173367,0.300247,0.451978,0.345492,0.263007,172,172,172,172,172,172
174.0,0.451444,0.173367,0.300247,0.432357,0.29722,0.191963,173,173,173,173,173,173
175.0,0.451444,0.173367,0.300247,0.487523,0.224962,0.157038,174,174,174,174,174,174
176.0,0.511599,0.349663,0.298276,0.621676,0.204943,0.287594,175,175,175,175,175,175
177.0,0.511599,0.349663,0.298276,0.633963,0.252937,0.215374,176,176,176,176,176,176
178.0,0.511599,0.349663,0.298276,0.560143,0.283678,0.161942,177,177,177,177,177,177
179.0,0.511599,0.349663,0.298276,0.455804,0.274016,0.167532,178,178,178,178,178,178
180.0,0.511599,0.349663,0.298276,0.399514,0.231228,0.227935,179,179,179,179,179,179
181.0,0.511599,0.349663,0.298276,0.433662,0.187534,0.297666,180,180,180,180,180,180
182.0,0.511599,0.349663,0.298276,0.532533,0.175836,0.324217,181,181,181,181,181,181
183.0,0.596823,0.179826,0.296306,0.409774,0.216655,0.287497,182,182,182,182,182,182
184.0,0.596823,0.179826,0.296306,0.435386,0.175907,0.214213,183,183,183,183,183,183
185.0,0.596823,0.179826,0.296306,0.511559,0.201548,0.160888,184,184,184,184,184,184
186.0,0.596823,0.179826,0.296306,0.580931,0.274271,0.167676,185,185,185,185,185,185
187.0,0.596823,0.179826,0.296306,0.591266,0.339313,0.229466,186,186,186,186,186,186
188.0,0.596823,0.179826,0.296306,0.534779,0.347697,0.299729,187,187,187,187,187,187
189.0,0.596823,0.179826,0.296306,0.454008,0.293109,0.325555,188,188,188,188,188,188
190.0,0.407917,0.252616,0.294336,0.511794,0.342265,0.191841,189,189,189,189,189,189
191.0,0.407917,0.252616,0.294336,0.486232,0.258022,0.155096,190,190,190,190,190,190
192.0,0.407917,0.252616,0.294336,0.501458,0.167346,0.183123,191,191,191,191,191,191
193.0,0.407917,0.252616,0.294336,0.546007,0.138518,0.254818,192,192,192,192,192,192
194.0,0.407917,0.252616,0.294336,0.586333,0.193246,0.316192,193,193,193,193,193,193
195.0,0.407917,0.252616,0.294336,0.592069,0.290319,0.32103,194,194,194,194,194,194
196.0,0.407917,0.252616,0.294336,0.558896,0.356639,0.265689,195,195,195,195,195,195
197.0,0.602468,0.317888,0.292365,0.512065,0.163528,0.314421,196,196,196,196,196,196
198.0,0.602468,0.317888,0.292365,0.576875,0.149147,0.249656,197,197,197,197,197,197
199.0,0.602468,0.317888,0.292365,0.584849,0.200464,0.178755,198,198,198,198,198,198
200.0,0.602468,0.317888,0.292365,0.529982,0.278838,0.155108,199,199,199,199,199,199
201.0,0.602468,0.317888,0.292365,0.45359,0.325251,0.196522,200,200,200,200,200,200
202.0,0.602468,0.317888,0.292365,0.413198,0.304753,0.27181,201,201,201,201,201,201
203.0,0.602468,0.317888,0.292365,0.439222,0.23278,0.324281,202,202,202,202,202,202
204.0,0.505553,0.146195,0.290395,0.639306,0.268825,0.261827,203,203,203,203,203,203
205.0,0.505553,0.146195,0.290395,0.577672,0.306629,0.321369,204,204,204,204,204,204
206.0,0.505553,0.146195,0.290395,0.473231,0.317463,0.321072,205,205,205,205,205,205
207.0,0.505553,0.146195,0.290395,0.40463,0.293169,0.261158,206,206,206,206,206,206
208.0,0.505553,0.146195,0.290395,0.423527,0.25204,0.186745,207,207,207,207,207,207
209.0,0.505553,0.146195,0.290395,0.515692,0.225048,0.153867,208,208,208,208,208,208
210.0,0.505553,0.146195,0.290395,0.611722,0.232518,0.187281,209,209,209,209,209,209
211.0,0.451347,0.33532,0.288424,0.628076,0.300635,0.237673,210,210,210,210,210,210
212.0,0.451347,0.33532,0.288424,0.566119,0.300088,0.17002,211,211,211,211,211,211
213.0,0.451347,0.33532,0.288424,0.478237,0.248947,0.156793,212,212,212,212,212,212
214.0,0.451347,0.33532,0.288424,0.430608,0.185722,0.207953,213,213,213,213,213,213
215.0,0.451347,0.33532,0.288424,0.459098,0.158023,0.284976,214,214,214,214,214,214
216.0,0.451347,0.33532,0.288424,0.542252,0.186708,0.329861,215,215,215,215,215,215
217.0,0.451347,0.33532,0.288424,0.617455,0.25,0.308809,216,216,216,216,216,216
218.0,0.630816,0.228797,0.286454,0.453592,0.270171,0.332147,217,217,217,217,217,217
219.0,0.630816,0.228797,0.286454,0.448236,0.178861,0.303352,218,218,218,218,218,218
220.0,0.630816,0.228797,0.286454,0.478633,0.144323,0.228879,219,219,219,219,219,219
221.0,0.630816,0.228797,0.286454,0.521892,0.192566,0.164808,220,220,220,220,220,220
222.0,0.630816,0.228797,0.286454,0.545439,0.287261,0.159386,221,221,221,221,221,221
223.0,0.630816,0.228797,0.286454,0.531542,0.357102,0.216695,222,222,222,222,222,222
224.0,0.630816,0.228797,0.286454,0.490666,0.349496,0.293581,223,223,223,223,223,223
225.0,0.419014,0.194743,0.284483,0.575184,0.280261,0.333333,224,224,224,224,224,224
226.0,0.419014,0.194743,0.284483,0.512798,0.348415,0.300228,225,225,225,225,225,225
227.0,0.419014,0.194743,0.284483,0.46952,0.350804,0.223928,226,226,226,226,226,226
228.0,0.419014,0.194743,0.284483,0.47794,0.28563,0.162056,227,227,227,227,227,227
229.0,0.419014,0.194743,0.284483,0.531717,0.20197,0.161203,228,228,228,228,228,228
230.0,0.419014,0.194743,0.284483,0.590357,0.162822,0.222011,229,229,229,229,229,229
231.0,0.419014,0.194743,0.284483,0.609701,0.197665,0.29869,230,230,230,230,230,230
232.0,0.551437,0.353673,0.282513,0.561343,0.182392,0.32174,231,231,231,231,231,231
233.0,0.551437,0.353673,0.282513,0.625144,0.192826,0.25579,232,232,232,232,232,232
234.0,0.551437,0.353673,0.282513,0.603464,0.230666,0.180572,233,233,233,233,233,233
235.0,0.551437,0.353673,0.282513,0.51263,0.267418,0.152727,234,234,234,234,234,234
236.0,0.551437,0.353673,0.282513,0.42104,0.275406,0.193223,235,235,235,235,235,235
237.0,0.551437,0.353673,0.282513,0.397665,0.248616,0.271565,236,236,236,236,236,236
238.0,0.551437,0.353673,0.282513,0.460105,0.207221,0.328761,237,237,237,237,237,237
239.0,0.569763,0.152107,0.280542,0.565038,0.32513,0.314361,238,238,238,238,238,238
240.0,0.569763,0.152107,0.280542,0.469936,0.290368,0.333768,239,239,239,239,239,239
241.0,0.569763,0.152107,0.280542,0.403462,0.239989,0.285486,240,240,240,240,240,240
242.0,0.569763,0.152107,0.280542,0.415673,0.211928,0.205872,241,241,241,241,241,241
243.0,0.569763,0.152107,0.280542,0.497373,0.227317,0.154877,242,242,242,242,242,242
244.0,0.569763,0.152107,0.280542,0.58704,0.274567,0.170901,243,243,243,243,243,243
245.0,0.569763,0.152107,0.280542,0.617154,0.318097,0.241878,244,244,244,244,244,244
246.0,0.408222,0.290226,0.278572,0.559163,0.201064,0.332904,245,245,245,245,245,245
247.0,0.408222,0.290226,0.278572,0.592607,0.292133,0.319886,246,246,246,246,246,246
248.0,0.408222,0.290226,0.278572,0.586691,0.345406,0.25,247,247,247,247,247,247
249.0,0.408222,0.290226,0.278572,0.54587,0.320766,0.175714,248,248,248,248,248,248
250.0,0.408222,0.290226,0.278572,0.500883,0.236769,0.153124,249,249,249,249,249,249
251.0,0.408222,0.290226,0.278572,0.485606,0.156665,0.199171,250,250,250,250,250,250
252.0,0.408222,0.290226,0.278572,0.511542,0.140775,0.279181,251,251,251,251,251,251
253.0,0.629421,0.289468,0.276602,0.47653,0.206866,0.334989,252,252,252,252,252,252
254.0,0.629421,0.289468,0.276602,0.52241,0.142504,0.283863,253,253,253,253,253,253
255.0,0.629421,0.289468,0.276602,0.548399,0.153134,0.203222,254,254,254,254,254,254
256.0,0.629421,0.289468,0.276602,0.534926,0.230751,0.15379,255,255,255,255,255,255
257.0,0.629421,0.289468,0.276602,0.492137,0.316907,0.172792,256,256,256,256,256,256
258.0,0.629421,0.289468,0.276602,0.452252,0.346726,0.245917,257,257,257,257,257,257
259.0,0.629421,0.289468,0.276602,0.445307,0.297753,0.318102,258,258,258,258,258,258
260.0,0.464792,0.150783,0.274631,0.597786,0.26467,0.324377,259,259,259,259,259,259
261.0,0.464792,0.150783,0.274631,0.505593,0.310287,0.333333,260,260,260,260,260,260
262.0,0.464792,0.150783,0.274631,0.431024,0.325487,0.275607,261,261,261,261,261,261
263.0,0.464792,0.150783,0.274631,0.43023,0.298823,0.195051,262,262,262,262,262,262
264.0,0.464792,0.150783,0.274631,0.50381,0.250375,0.152155,263,263,263,263,263,263
265.0,0.464792,0.150783,0.274631,0.596356,0.216624,0.17922,264,264,264,264,264,264
266.0,0.464792,0.150783,0.274631,0.638179,0.222986,0.255866,265,265,265,265,265,265
267.0,0.485214,0.357185,0.272661,0.627754,0.241549,0.295173,266,266,266,266,266,266
268.0,0.485214,0.357185,0.272661,0.632135,0.265866,0.214142,267,267,267,267,267,267
269.0,0.485214,0.357185,0.272661,0.555768,0.262058,0.156693,268,268,268,268,268,268
270.0,0.485214,0.357185,0.272661,0.456159,0.232993,0.166085,269,269,269,269,269,269
271.0,0.485214,0.357185,0.272661,0.408316,0.200557,0.235247,270,270,270,270,270,270
272.0,0.485214,0.357185,0.272661,0.448265,0.189175,0.312098,271,271,271,271,271,271
273.0,0.485214,0.357185,0.272661,0.545925,0.207419,0.338767,272,272,272,272,272,272
274.0,0.621264,0.191393,0.27069,0.444471,0.219037,0.324414,273,273,273,273,273,273
275.0,0.621264,0.191393,0.27069,0.432622,0.167539,0.253955,274,274,274,274,274,274
276.0,0.621264,0.191393,0.27069,0.469725,0.186986,0.177395,275,275,275,275,275,275
277.0,0.621264,0.191393,0.27069,0.52784,0.262733,0.152385,276,276,276,276,276,276
278.0,0.621264,0.191393,0.27069,0.563206,0.337742,0.197759,277,277,277,277,277,277
279.0,0.621264,0.191393,0.27069,0.549192,0.355529,0.279348,278,278,278,278,278,278
280.0,0.621264,0.191393,0.27069,0.49635,0.3027,0.335714,279,279,279,279,279,279
281.0,0.399114,0.228669,0.26872,0.574099,0.189895,0.321095,280,280,280,280,280,280
282.0,0.399114,0.228669,0.26872,0.558722,0.284115,0.338356,281,281,281,281,281,281
283.0,0.399114,0.228669,0.26872,0.530876,0.355868,0.286258,282,282,282,282,282,282
284.0,0.399114,0.228669,0.26872,0.51153,0.351123,0.204032,283,283,283,283,283,283
285.0,0.399114,0.228669,0.26872,0.515251,0.273453,0.153595,284,284,284,284,284,284
286.0,0.399114,0.228669,0.26872,0.539238,0.181346,0.172927,285,285,285,285,285,285
287.0,0.399114,0.228669,0.26872,0.565428,0.144159,0.247472,286,286,286,286,286,286
288.0,0.590859,0.340656,0.266749,0.438029,0.292495,0.184574,287,287,287,287,287,287
289.0,0.590859,0.340656,0.266749,0.405875,0.29469,0.264295,288,288,288,288,288,288
290.0,0.590859,0.340656,0.266749,0.447404,0.249551,0.330723,289,289,289,289,289,289
291.0,0.590859,0.340656,0.266749,0.531344,0.191067,0.333837,290,290,290,290,290,290
292.0,0.590859,0.340656,0.266749,0.594486,0.163279,0.271292,291,291,291,291,291,291
293.0,0.590859,0.340656,0.266749,0.589283,0.187111,0.190186,292,292,292,292,292,292
294.0,0.590859,0.340656,0.266749,0.519653,0.244618,0.151593,293,293,293,293,293,293
295.0,0.530881,0.137358,0.264779,0.636137,0.283242,0.241906,294,294,294,294,294,294
296.0,0.530881,0.137358,0.264779,0.594411,0.292788,0.318341,295,295,295,295,295,295
297.0,0.530881,0.137358,0.264779,0.493451,0.28712,0.341083,296,296,296,296,296,296
298.0,0.530881,0.137358,0.264779,0.409281,0.270507,0.293007,297,297,297,297,297,297
299.0,0.530881,0.137358,0.264779,0.405283,0.255459,0.210316,298,298,298,298,298,298
300.0,0.530881,0.137358,0.264779,0.484468,0.253307,0.155276,299,299,299,299,299,299
301.0,0.530881,0.137358,0.264779,0.587208,0.265671,0.169336,300,300,300,300,300,300
302.0,0.426601,0.325389,0.262808,0.585373,0.266447,0.331529,301,301,301,301,301,301
303.0,0.426601,0.325389,0.262808,0.617861,0.315843,0.264149,302,302,302,302,302,302
304.0,0.426601,0.325389,0.262808,0.589198,0.30428,0.184181,303,303,303,303,303,303
305.0,0.426601,0.325389,0.262808,0.520967,0.240465,0.151843,304,304,304,304,304,304
306.0,0.426601,0.325389,0.262808,0.464548,0.172453,0.191486,305,305,305,305,305,305
307.0,0.426601,0.325389,0.262808,0.462425,0.151457,0.273258,306,306,306,306,306,306
308.0,0.426601,0.325389,0.262808,0.516197,0.193289,0.335583,307,307,307,307,307,307
309.0,0.641127,0.2518,0.260838,0.497464,0.351711,0.207826,308,308,308,308,308,308
310.0,0.641127,0.2518,0.260838,0.485938,0.349721,0.291063,309,309,309,309,309,309
311.0,0.641127,0.2518,0.260838,0.480218,0.27237,0.341742,310,310,310,310,310,310
312.0,0.641127,0.2518,0.260838,0.48461,0.177905,0.321702,311,311,311,311,311,311
313.0,0.641127,0.2518,0.260838,0.495808,0.13746,0.246033,312,312,312,312,312,312
314.0,0.641127,0.2518,0.260838,0.505379,0.181491,0.171716,313,313,313,313,313,313
315.0,0.641127,0.2518,0.260838,0.506116,0.276842,0.154712,314,314,314,314,314,314
316.0,0.428818,0.171625,0.258867,0.469215,0.3215,0.183698,315,315,315,315,315,315
317.0,0.428818,0.171625,0.258867,0.533514,0.253684,0.152281,316,316,316,316,316,316
318.0,0.428818,0.171625,0.258867,0.599843,0.194928,0.19311,317,317,317,317,317,317
319.0,0.428818,0.171625,0.258867,0.618253,0.189476,0.275441,318,318,318,318,318,318
320.0,0.428818,0.171625,0.258867,0.574882,0.241434,0.337276,319,319,319,319,319,319
321.0,0.428818,0.171625,0.258867,0.50239,0.311676,0.332052,320,320,320,320,320,320
322.0,0.428818,0.171625,0.258867,0.455363,0.347309,0.263704,321,321,321,321,321,321
323.0,0.527116,0.363973,0.256897,0.634385,0.217624,0.269172,322,322,322,322,322,322
324.0,0.527116,0.363973,0.256897,0.610626,0.225855,0.187889,323,323,323,323,323,323
325.0,0.527116,0.363973,0.256897,0.51599,0.235065,0.152336,324,324,324,324,324,324
326.0,0.527116,0.363973,0.256897,0.421741,0.23832,0.189286,325,325,325,325,325,325
327.0,0.527116,0.363973,0.256897,0.398849,0.233168,0.270913,326,326,326,326,326,326
328.0,0.527116,0.363973,0.256897,0.464553,0.223488,0.335752,327,327,327,327,327,327
329.0,0.527116,0.363973,0.256897,0.569377,0.216571,0.334977,328,328,328,328,328,328
330.0,0.594932,0.160324,0.254927,0.597375,0.337795,0.255507,329,329,329,329,329,329
331.0,0.594932,0.160324,0.254927,0.553874,0.311271,0.328261,330,330,330,330,330,330
332.0,0.594932,0.160324,0.254927,0.471995,0.252148,0.341339,331,331,331,331,331,331
333.0,0.594932,0.160324,0.254927,0.413393,0.204948,0.284894,332,332,332,332,332,332
334.0,0.594932,0.160324,0.254927,0.422199,0.205213,0.201429,333,333,333,333,333,333
335.0,0.594932,0.160324,0.254927,0.49178,0.252744,0.153796,334,334,334,334,334,334
336.0,0.594932,0.160324,0.254927,0.569741,0.311748,0.177863,335,335,335,335,335,335
337.0,0.396278,0.268164,0.252956,0.52422,0.149961,0.202251,336,336,336,336,336,336
338.0,0.396278,0.268164,0.252956,0.526296,0.143552,0.285813,337,337,337,337,337,337
339.0,0.396278,0.268164,0.252956,0.540748,0.214562,0.34196,338,338,338,338,338,338
340.0,0.396278,0.268164,0.252956,0.556695,0.309518,0.328414,339,339,339,339,339,339
341.0,0.396278,0.268164,0.252956,0.562127,0.356917,0.255375,340,340,340,340,340,340
342.0,0.396278,0.268164,0.252956,0.552954,0.321066,0.177842,341,341,341,341,341,341
343.0,0.396278,0.268164,0.252956,0.536084,0.228962,0.1542,342,342,342,342,342,342
344.0,0.621513,0.312998,0.250986,0.497191,0.235881,0.346316,343,343,343,343,343,343
345.0,0.621513,0.312998,0.250986,0.549418,0.163175,0.309272,344,344,344,344,344,344
346.0,0.621513,0.312998,0.250986,0.562609,0.146343,0.227446,345,345,345,345,345,345
347.0,0.621513,0.312998,0.250986,0.526832,0.19806,0.162455,346,346,346,346,346,346
348.0,0.621513,0.312998,0.250986,0.469027,0.279382,0.163239,347,347,347,347,347,347
349.0,0.621513,0.312998,0.250986,0.432723,0.329071,0.229207,348,348,348,348,348,348
350.0,0.621513,0.312998,0.250986,0.445257,0.309712,0.310684,349,349,349,349,349,349
351.0,0.488074,0.138935,0.249015,0.518695,0.27474,0.153803,350,350,350,350,350,350
352.0,0.488074,0.138935,0.249015,0.612528,0.252443,0.186286,351,351,351,351,351,351
353.0,0.488074,0.138935,0.249015,0.639945,0.245075,0.266896,352,352,352,352,352,352
354.0,0.488074,0.138935,0.249015,0.580302,0.258185,0.334932,353,353,353,353,353,353
355.0,0.488074,0.138935,0.249015,0.478511,0.281899,0.339161,354,354,354,354,354,354
356.0,0.488074,0.138935,0.249015,0.411222,0.298362,0.276399,355,355,355,355,355,355
357.0,0.488074,0.138935,0.249015,0.429106,0.295176,0.193907,356,356,356,356,356,356
358.0,0.459601,0.350765,0.247045,0.451649,0.193249,0.317113,357,357,357,357,357,357
359.0,0.459601,0.350765,0.247045,0.53764,0.237415,0.346702,358,358,358,358,358,358
360.0,0.459601,0.350765,0.247045,0.617906,0.27585,0.30392,359,359,359,359,359,359
361.0,0.459601,0.350765,0.247045,0.632005,0.279611,0.220981,360,360,360,360,360,360
362.0,0.459601,0.350765,0.247045,0.569321,0.245866,0.16034,361,361,361,361,361,361
363.0,0.459601,0.350765,0.247045,0.477055,0.200026,0.167662,362,362,362,362,362,362
364.0,0.459601,0.350765,0.247045,0.424687,0.176609,0.237432,363,363,363,363,363,363
365.0,0.634901,0.21246,0.245074,0.495207,0.241417,0.34651,364,364,364,364,364,364
366.0,0.634901,0.21246,0.245074,0.463698,0.165556,0.300387,365,365,365,365,365,365
367.0,0.634901,0.21246,0.245074,0.455681,0.158952,0.217065,366,366,366,366,366,366
368.0,0.634901,0.21246,0.245074,0.477194,0.226579,0.159288,367,367,367,367,367,367
369.0,0.634901,0.21246,0.245074,0.512037,0.317512,0.170563,368,368,368,368,368,368
370.0,0.634901,0.21246,0.245074,0.533972,0.363277,0.2424,369,369,369,369,369,369
371.0,0.634901,0.21246,0.245074,0.526482,0.329411,0.320704,370,370,370,370,370,370
372.0,0.405047,0.204743,0.243104,0.589344,0.160233,0.226836,371,371,371,371,371,371
373.0,0.405047,0.204743,0.243104,0.574809,0.174558,0.30887,372,372,372,372,372,372
374.0,0.405047,0.204743,0.243104,0.534795,0.252527,0.347615,373,373,373,373,373,373
375.0,0.405047,0.204743,0.243104,0.499434,0.335427,0.313896,374,374,374,374,374,374
376.0,0.405047,0.204743,0.243104,0.495353,0.360834,0.233103,375,375,375,375,375,375
377.0,0.405047,0.204743,0.243104,0.525625,0.309615,0.166075,376,376,376,376,376,376
378.0,0.405047,0.204743,0.243104,0.567455,0.220339,0.163286,377,377,377,377,377,377
379.0,0.568691,0.35408,0.241133,0.46601,0.236277,0.161501,378,378,378,378,378,378
380.0,0.568691,0.35408,0.241133,0.401959,0.269805,0.221318,379,379,379,379,379,379
381.0,0.568691,0.35408,0.241133,0.417886,0.272711,0.304072,380,380,380,380,380,380
382.0,0.568691,0.35408,0.241133,0.501798,0.242806,0.347447,381,381,381,381,381,381
383.0,0.568691,0.35408,0.241133,0.590507,0.20261,0.318782,382,382,382,382,382,382
384.0,0.568691,0.35408,0.241133,0.617213,0.182391,0.239661,383,383,383,383,383,383
385.0,0.568691,0.35408,0.241133,0.561807,0.197374,0.169665,384,384,384,384,384,384
386.0,0.556894,0.141923,0.239163,0.533208,0.291272,0.158868,385,385,385,385,385,385
387.0,0.556894,0.141923,0.239163,0.612854,0.30858,0.211448,386,386,386,386,386,386
388.0,0.556894,0.141923,0.239163,0.61545,0.298094,0.294695,387,387,387,387,387,387
389.0,0.556894,0.141923,0.239163,0.539042,0.267709,0.345921,388,388,388,388,388,388
390.0,0.556894,0.141923,0.239163,0.441167,0.240307,0.326554,389,389,389,389,389,389
391.0,0.556894,0.141923,0.239163,0.395526,0.236522,0.251176,390,390,390,390,390,390
392.0,0.556894,0.141923,0.239163,0.436488,0.259203,0.176549,391,391,391,391,391,391
393.0,0.411271,0.305391,0.237193,0.599703,0.335981,0.244875,392,392,392,392,392,392
394.0,0.411271,0.305391,0.237193,0.58412,0.287727,0.17319,393,393,393,393,393,393
395.0,0.411271,0.305391,0.237193,0.535108,0.202705,0.161278,394,394,394,394,394,394
396.0,0.411271,0.305391,0.237193,0.489574,0.144939,0.218109,395,395,395,395,395,395
397.0,0.411271,0.305391,0.237193,0.481805,0.157926,0.300889,396,396,396,396,396,396
398.0,0.411271,0.305391,0.237193,0.517652,0.231889,0.347282,397,397,397,397,397,397
399.0,0.411271,0.305391,0.237193,0.570122,0.31113,0.322353,398,398,398,398,398,398
400.0,0.637214,0.276063,0.235222,0.485314,0.210318,0.161392,399,399,399,399,399,399
401.0,0.637214,0.276063,0.235222,0.463949,0.30437,0.174865,400,400,400,400,400,400
402.0,0.637214,0.276063,0.235222,0.465538,0.353548,0.247148,401,401,401,401,401,401
403.0,0.637214,0.276063,0.235222,0.488885,0.320821,0.323809,402,402,402,402,402,402
404.0,0.637214,0.276063,0.235222,0.516409,0.230833,0.347122,403,403,403,403,403,403
405.0,0.637214,0.276063,0.235222,0.527384,0.151346,0.299531,404,404,404,404,404,404
406.0,0.637214,0.276063,0.235222,0.513545,0.142216,0.216874,405,405,405,405,405,405
407.0,0.449796,0.156649,0.233252,0.598423,0.211389,0.317256,406,406,406,406,406,406
408.0,0.449796,0.156649,0.233252,0.514107,0.256968,0.348285,407,407,407,407,407,407
409.0,0.449796,0.156649,0.233252,0.443266,0.311396,0.307832,408,408,408,408,408,408
410.0,0.449796,0.156649,0.233252,0.439247,0.333685,0.226359,409,409,409,409,409,409
411.0,0.449796,0.156649,0.233252,0.505075,0.307053,0.165217,410,410,410,410,410,410
412.0,0.449796,0.156649,0.233252,0.59118,0.251553,0.170447,411,411,411,411,411,411
413.0,0.449796,0.156649,0.233252,0.632724,0.208979,0.23811,412,412,412,412,412,412
414.0,0.50078,0.361287,0.231281,0.402182,0.213639,0.26294,413,413,413,413,413,413
415.0,0.50078,0.361287,0.231281,0.453715,0.236575,0.333333,414,414,414,414,414,414
416.0,0.50078,0.361287,0.231281,0.556504,0.252824,0.343662,415,415,415,415,415,415
417.0,0.50078,0.361287,0.231281,0.633147,0.25,0.286399,416,416,416,416,416,416
418.0,0.50078,0.361287,0.231281,0.62593,0.230565,0.204553,417,417,417,417,417,417
419.0,0.50078,0.361287,0.231281,0.540288,0.20882,0.159756,418,418,418,418,418,418
420.0,0.50078,0.361287,0.231281,0.440711,0.201287,0.18574,419,419,419,419,419,419
421.0,0.611909,0.179192,0.229311,0.439245,0.179491,0.2954,420,420,420,420,420,420
422.0,0.611909,0.179192,0.229311,0.421908,0.19215,0.213509,421,421,421,421,421,421
423.0,0.611909,0.179192,0.229311,0.463003,0.259062,0.16222,422,422,422,422,422,422
424.0,0.611909,0.179192,0.229311,0.531584,0.329843,0.180155,423,423,423,423,423,423
425.0,0.611909,0.179192,0.229311,0.576009,0.351191,0.253808,424,424,424,424,424,424
426.0,0.611909,0.179192,0.229311,0.562825,0.307033,0.327717,425,425,425,425,425,425
427.0,0.611909,0.179192,0.229311,0.501959,0.230619,0.346227,426,426,426,426,426,426
428.0,0.398168,0.24364,0.22734,0.569805,0.195473,0.173711,427,427,427,427,427,427
429.0,0.398168,0.24364,0.22734,0.553044,0.140521,0.241557,428,428,428,428,428,428
430.0,0.398168,0.24364,0.22734,0.528233,0.168973,0.319183,429,429,429,429,429,429
431.0,0.398168,0.24364,0.22734,0.514054,0.259402,0.348133,430,430,430,430,430,430
432.0,0.398168,0.24364,0.22734,0.521185,0.343715,0.306608,431,431,431,431,431,431
433.0,0.398168,0.24364,0.22734,0.544256,0.358421,0.225877,432,432,432,432,432,432
434.0,0.398168,0.24364,0.22734,0.565894,0.292447,0.166667,433,433,433,433,433,433
435.0,0.601773,0.329467,0.22537,0.543061,0.167233,0.184822,434,434,434,434,434,434
436.0,0.601773,0.329467,0.22537,0.465612,0.227928,0.162912,435,435,435,435,435,435
437.0,0.601773,0.329467,0.22537,0.415215,0.29325,0.210299,436,436,436,436,436,436
438.0,0.601773,0.329467,0.22537,0.42982,0.314011,0.2913,437,437,437,437,437,437
439.0,0.601773,0.329467,0.22537,0.498429,0.274577,0.34492,438,438,438,438,438,438
440.0,0.601773,0.329467,0.22537,0.569379,0.204643,0.330782,439,439,439,439,439,439
441.0,0.601773,0.329467,0.22537,0.589242,0.156871,0.259532,440,440,440,440,440,440
442.0,0.514655,0.139763,0.223399,0.40228,0.283193,0.231423,441,441,441,441,441,441
443.0,0.514655,0.139763,0.223399,0.471327,0.301212,0.17021,442,442,442,442,442,442
444.0,0.514655,0.139763,0.223399,0.576273,0.297311,0.173096,443,443,443,443,443,443
445.0,0.514655,0.139763,0.223399,0.638093,0.274428,0.237909,444,444,444,444,444,444
446.0,0.514655,0.139763,0.223399,0.610234,0.249794,0.315842,445,445,445,445,445,445
447.0,0.514655,0.139763,0.223399,0.513675,0.241959,0.348211,446,446,446,446,446,446
448.0,0.514655,0.139763,0.223399,0.421126,0.256823,0.310641,447,447,447,447,447,447
449.0,0.441052,0.33305,0.221429,0.626866,0.290148,0.217999,448,448,448,448,448,448
450.0,0.441052,0.33305,0.221429,0.578872,0.227779,0.166281,449,449,449,449,449,449
451.0,0.441052,0.33305,0.221429,0.496904,0.169609,0.18192,450,450,450,450,450,450
452.0,0.441052,0.33305,0.221429,0.442687,0.159441,0.253137,451,451,451,451,451,451
453.0,0.441052,0.33305,0.221429,0.457047,0.204931,0.326306,452,452,452,452,452,452
454.0,0.441052,0.33305,0.221429,0.52917,0.271826,0.346328,453,453,453,453,453,453
455.0,0.441052,0.33305,0.221429,0.604747,0.309751,0.298127,454,454,454,454,454,454
456.0,0.634986,0.237187,0.219458,0.465723,0.15421,0.215888,455,455,455,455,455,455
457.0,0.634986,0.237187,0.219458,0.455388,0.232321,0.166667,456,456,456,456,456,456
458.0,0.634986,0.237187,0.219458,0.474791,0.325683,0.184667,457,457,457,457,457,457
459.0,0.634986,0.237187,0.219458,0.50932,0.36399,0.256588,458,458,458,458,458,458
460.0,0.634986,0.237187,0.219458,0.532974,0.318398,0.328159,459,459,459,459,459,459
461.0,0.634986,0.237187,0.219458,0.527942,0.223238,0.345485,460,460,460,460,460,460
462.0,0.634986,0.237187,0.219458,0.498012,0.150167,0.29552,461,461,461,461,461,461
463.0,0.423551,0.186854,0.217488,0.50432,0.241683,0.347631,462,462,462,462,462,462
464.0,0.423551,0.186854,0.217488,0.461608,0.32092,0.31282,463,463,463,463,463,463
465.0,0.423551,0.186854,0.217488,0.475866,0.356288,0.235612,464,464,464,464,464,464
466.0,0.423551,0.186854,0.217488,0.536358,0.321154,0.174147,465,465,465,465,465,465
467.0,0.423551,0.186854,0.217488,0.597533,0.241974,0.174709,466,466,466,466,466,466
468.0,0.423551,0.186854,0.217488,0.613324,0.178373,0.236875,467,467,467,467,467,467
469.0,0.423551,0.186854,0.217488,0.571841,0.178244,0.313833,468,468,468,468,468,468
470.0,0.541904,0.355046,0.215518,0.409244,0.265729,0.294414,469,469,469,469,469,469
471.0,0.541904,0.355046,0.215518,0.49311,0.271809,0.344619,470,470,470,470,470,470
472.0,0.541904,0.355046,0.215518,0.592359,0.245611,0.32878,471,471,471,471,471,471
473.0,0.541904,0.355046,0.215518,0.632255,0.206864,0.258823,472,472,472,472,472,472
474.0,0.541904,0.355046,0.215518,0.582754,0.184745,0.187429,473,473,473,473,473,473
475.0,0.541904,0.355046,0.215518,0.481133,0.195909,0.168357,474,474,474,474,474,474
476.0,0.541904,0.355046,0.215518,0.403914,0.231951,0.21597,475,475,475,475,475,475
477.0,0.57694,0.158518,0.213547,0.441474,0.276234,0.17617,476,476,476,476,476,476
478.0,0.57694,0.158518,0.213547,0.531997,0.325698,0.176869,477,477,477,477,477,477
479.0,0.57694,0.158518,0.213547,0.603331,0.331972,0.23814,478,478,478,478,478,478
480.0,0.57694,0.158518,0.213547,0.601761,0.290332,0.313846,479,479,479,479,479,479
481.0,0.57694,0.158518,0.213547,0.528468,0.232134,0.346977,480,480,480,480,480,480
482.0,0.57694,0.158518,0.213547,0.438644,0.201202,0.312586,481,481,481,481,481,481
483.0,0.57694,0.158518,0.213547,0.399929,0.220829,0.23657,482,482,482,482,482,482
484.0,0.409299,0.28047,0.211577,0.538975,0.33547,0.313487,483,483,483,483,483,483
485.0,0.409299,0.28047,0.211577,0.584096,0.346016,0.238386,484,484,484,484,484,484
486.0,0.409299,0.28047,0.211577,0.596103,0.279663,0.177832,485,485,485,485,485,485
487.0,0.409299,0.28047,0.211577,0.565955,0.186376,0.177422,486,486,486,486,486,486
488.0,0.409299,0.28047,0.211577,0.516354,0.136403,0.237466,487,487,487,487,487,487
489.0,0.409299,0.28047,0.211577,0.48465,0.167373,0.312749,488,488,488,488,488,488
490.0,0.409299,0.28047,0.211577,0.494718,0.255967,0.346581,489,489,489,489,489,489
491.0,0.619869,0.295314,0.209606,0.555077,0.233081,0.342923,490,490,490,490,490,490
492.0,0.619869,0.295314,0.209606,0.563757,0.155685,0.292562,491,491,491,491,491,491
493.0,0.619869,0.295314,0.209606,0.522852,0.142472,0.21625,492,492,492,492,492,492
494.0,0.619869,0.295314,0.209606,0.463165,0.203392,0.17145,493,493,493,493,493,493
495.0,0.619869,0.295314,0.209606,0.429641,0.292571,0.191898,494,494,494,494,494,494
496.0,0.619869,0.295314,0.209606,0.447524,0.342856,0.262196,495,495,495,495,495,495
497.0,0.619869,0.295314,0.209606,0.503348,0.31638,0.329409,496,496,496,496,496,496
498.0,0.476819,0.153987,0.207636,0.597938,0.208342,0.316269,497,497,497,497,497,497
499.0,0.476819,0.153987,0.207636,0.501466,0.22666,0.34552,498,498,498,498,498,498
500.0,0.476819,0.153987,0.207636,0.42391,0.27705,0.309238,499,499,499,499,499,499
501.0,0.476819,0.153987,0.207636,0.423671,0.321567,0.234744,500,500,500,500,500,500
502.0,0.476819,0.153987,0.207636,0.500929,0.32669,0.178133,501,501,501,501,501,501
503.0,0.476819,0.153987,0.207636,0.597507,0.28856,0.182035,502,502,502,502,502,502
504.0,0.476819,0.153987,0.207636,0.64068,0.23589,0.243512,503,503,503,503,503,503
505.0,0.479277,0.3457,0.205665,0.624572,0.230096,0.20271,504,504,504,504,504,504
506.0,0.479277,0.3457,0.205665,0.541177,0.182154,0.172749,505,505,505,505,505,505
507.0,0.479277,0.3457,0.205665,0.446425,0.170858,0.207653,506,506,506,506,506,506
508.0,0.479277,0.3457,0.205665,0.411664,0.204714,0.281138,507,507,507,507,507,507
509.0,0.479277,0.3457,0.205665,0.463071,0.258228,0.337869,508,508,508,508,508,508
510.0,0.479277,0.3457,0.205665,0.561935,0.291102,0.335126,509,509,509,509,509,509
511.0,0.479277,0.3457,0.205665,0.633809,0.278582,0.274974,510,510,510,510,510,510
512.0,0.61565,0.204384,0.203695,0.424881,0.190584,0.210577,511,511,511,511,511,511
513.0,0.61565,0.204384,0.203695,0.444534,0.276427,0.174264,512,512,512,512,512,512
514.0,0.61565,0.204384,0.203695,0.505016,0.349258,0.201972,513,513,513,513,513,513
515.0,0.61565,0.204384,0.203695,0.560784,0.354235,0.272836,514,514,514,514,514,514
516.0,0.61565,0.204384,0.203695,0.569842,0.287609,0.333333,515,515,515,515,515,515
517.0,0.61565,0.204384,0.203695,0.525371,0.199552,0.338271,516,516,516,516,516,516
518.0,0.61565,0.204384,0.203695,0.460857,0.156372,0.283567,517,517,517,517,517,517
519.0,0.414521,0.223031,0.201724,0.537012,0.155591,0.303753,518,518,518,518,518,518
520.0,0.414521,0.223031,0.201724,0.486338,0.227532,0.343195,519,519,519,519,519,519
521.0,0.414521,0.223031,0.201724,0.475376,0.320466,0.319747,520,520,520,520,520,520
522.0,0.414521,0.223031,0.201724,0.512381,0.364411,0.251066,521,521,521,521,521,521
523.0,0.414521,0.223031,0.201724,0.569486,0.326277,0.18887,522,522,522,522,522,522
524.0,0.414521,0.223031,0.201724,0.603691,0.234778,0.179994,523,523,523,523,523,523
525.0,0.414521,0.223031,0.201724,0.589238,0.158816,0.231122,524,524,524,524,524,524
526.0,0.574365,0.333709,0.199754,0.582429,0.25,0.334217,525,525,525,525,525,525
527.0,0.574365,0.333709,0.199754,0.614413,0.185248,0.277088,526,526,526,526,526,526
528.0,0.574365,0.333709,0.199754,0.565536,0.156619,0.207147,527,527,527,527,527,527
529.0,0.574365,0.333709,0.199754,0.472603,0.185674,0.17706,528,528,528,528,528,528
530.0,0.574365,0.333709,0.199754,0.405596,0.250534,0.209484,529,529,529,529,529,529
531.0,0.574365,0.333709,0.199754,0.414971,0.302358,0.280003,530,530,530,530,530,530
532.0,0.574365,0.333709,0.199754,0.49367,0.302122,0.335514,531,531,531,531,531,531
533.0,0.537659,0.154544,0.197783,0.619704,0.253664,0.306231,532,532,532,532,532,532
534.0,0.537659,0.154544,0.197783,0.53572,0.212531,0.342058,533,533,533,533,533,533
535.0,0.537659,0.154544,0.197783,0.435673,0.214026,0.316446,534,534,534,534,534,534
536.0,0.537659,0.154544,0.197783,0.394901,0.257022,0.248682,535,535,535,535,535,535
537.0,0.537659,0.154544,0.197783,0.444107,0.309143,0.189793,536,536,536,536,536,536
538.0,0.537659,0.154544,0.197783,0.546236,0.331141,0.184124,537,537,537,537,537,537
539.0,0.537659,0.154544,0.197783,0.624385,0.30645,0.235944,538,538,538,538,538,538
540.0,0.435663,0.307377,0.195813,0.549905,0.328748,0.316962,539,539,539,539,539,539
541.0,0.435663,0.307377,0.195813,0.613676,0.322843,0.25058,540,540,540,540,540,540
542.0,0.435663,0.307377,0.195813,0.618079,0.253427,0.191941,541,541,541,541,541,541
543.0,0.435663,0.307377,0.195813,0.559799,0.172772,0.185203,542,542,542,542,542,542
544.0,0.435663,0.307377,0.195813,0.482721,0.141612,0.235438,543,543,543,543,543,543
545.0,0.435663,0.307377,0.195813,0.444887,0.183413,0.304819,544,544,544,544,544,544
546.0,0.435663,0.307377,0.195813,0.474787,0.266696,0.341101,545,545,545,545,545,545
547.0,0.619353,0.259253,0.193843,0.440459,0.321488,0.204395,546,546,546,546,546,546
548.0,0.619353,0.259253,0.193843,0.492895,0.359904,0.269026,547,547,547,547,547,547
549.0,0.619353,0.259253,0.193843,0.549185,0.314167,0.327808,548,548,548,548,548,548
550.0,0.619353,0.259253,0.193843,0.566941,0.218716,0.336477,549,549,549,549,549,549
551.0,0.619353,0.259253,0.193843,0.532792,0.145429,0.288504,550,550,550,550,550,550
552.0,0.619353,0.259253,0.193843,0.472454,0.149492,0.220015,551,551,551,551,551,551
553.0,0.619353,0.259253,0.193843,0.431362,0.227845,0.182583,552,552,552,552,552,552
554.0,0.451662,0.181131,0.191872,0.443366,0.340569,0.258618,553,553,553,553,553,553
555.0,0.451662,0.181131,0.191872,0.5166,0.347908,0.198877,554,554,554,554,554,554
556.0,0.451662,0.181131,0.191872,0.601151,0.291919,0.186408,555,555,555,555,555,555
557.0,0.451662,0.181131,0.191872,0.633351,0.214763,0.2306,556,556,556,556,556,556
558.0,0.451662,0.181131,0.191872,0.588952,0.17454,0.298176,557,557,557,557,557,557
559.0,0.451662,0.181131,0.191872,0.501387,0.201539,0.33825,558,558,558,558,558,558
560.0,0.451662,0.181131,0.191872,0.436596,0.275429,0.320645,559,559,559,559,559,559
561.0,0.517207,0.340763,0.189902,0.638917,0.239794,0.26961,560,560,560,560,560,560
562.0,0.517207,0.340763,0.189902,0.603562,0.183628,0.207258,561,561,561,561,561,561
563.0,0.517207,0.340763,0.189902,0.504146,0.163743,0.186164,562,562,562,562,562,562
564.0,0.517207,0.340763,0.189902,0.41553,0.195113,0.222213,563,563,563,563,563,563
565.0,0.517207,0.340763,0.189902,0.404445,0.254116,0.288259,564,564,564,564,564,564
566.0,0.517207,0.340763,0.189902,0.479238,0.296321,0.334567,565,565,565,565,565,565
567.0,0.517207,0.340763,0.189902,0.583588,0.289947,0.326268,566,566,566,566,566,566
568.0,0.583891,0.18507,0.187931,0.402529,0.22068,0.226322,567,567,567,567,567,567
569.0,0.583891,0.18507,0.187931,0.438737,0.300873,0.18857,568,568,568,568,568,568
570.0,0.583891,0.18507,0.187931,0.524934,0.352562,0.206446,569,569,569,569,569,569
571.0,0.583891,0.18507,0.187931,0.596211,0.336824,0.26649,570,570,570,570,570,570
572.0,0.583891,0.18507,0.187931,0.598896,0.26551,0.323486,571,571,571,571,571,571
573.0,0.583891,0.18507,0.187931,0.530967,0.192321,0.334516,572,572,572,572,572,572
574.0,0.583891,0.18507,0.187931,0.443576,0.17237,0.291274,573,573,573,573,573,573
575.0,0.42461,0.256667,0.185961,0.496215,0.149054,0.29311,574,574,574,574,574,574
576.0,0.42461,0.256667,0.185961,0.458686,0.226639,0.333949,575,575,575,575,575,575
577.0,0.42461,0.256667,0.185961,0.480169,0.320812,0.32124,576,576,576,576,576,576
578.0,0.42461,0.256667,0.185961,0.544486,0.360658,0.264553,577,577,577,577,577,577
579.0,0.42461,0.256667,0.185961,0.603205,0.316173,0.206575,578,578,578,578,578,578
580.0,0.42461,0.256667,0.185961,0.61211,0.220855,0.190965,579,579,579,579,579,579
581.0,0.42461,0.256667,0.185961,0.564494,0.14648,0.229476,580,580,580,580,580,580
582.0,0.59049,0.302474,0.18399,0.467324,0.16719,0.195373,581,581,581,581,581,581
583.0,0.59049,0.302474,0.18399,0.409694,0.248148,0.202934,582,582,582,582,582,582
584.0,0.59049,0.302474,0.18399,0.422927,0.322582,0.255902,583,583,583,583,583,583
585.0,0.59049,0.302474,0.18399,0.497057,0.334442,0.31439,584,584,584,584,584,584
586.0,0.59049,0.302474,0.18399,0.576264,0.274797,0.334356,585,585,585,585,585,585
587.0,0.59049,0.302474,0.18399,0.600903,0.188561,0.300765,586,586,586,586,586,586
588.0,0.59049,0.302474,0.18399,0.55242,0.140672,0.238912,587,587,587,587,587,587
589.0,0.503652,0.168209,0.18202,0.627839,0.221882,0.288686,588,588,588,588,588,588
590.0,0.503652,0.168209,0.18202,0.54422,0.188035,0.330239,589,589,589,589,589,589
591.0,0.503652,0.168209,0.18202,0.443272,0.213199,0.321633,590,590,590,590,590,590
592.0,0.503652,0.168209,0.18202,0.40101,0.278424,0.269349,591,591,591,591,591,591
593.0,0.503652,0.168209,0.18202,0.449259,0.334595,0.212756,592,592,592,592,592,592
594.0,0.503652,0.168209,0.18202,0.551686,0.339414,0.194472,593,593,593,593,593,593
595.0,0.503652,0.168209,0.18202,0.631161,0.289252,0.228264,594,594,594,594,594,594
596.0,0.470754,0.317587,0.180049,0.637439,0.246593,0.223958,595,595,595,595,595,595
597.0,0.470754,0.317587,0.180049,0.579044,0.172383,0.196114,596,596,596,596,596,596
598.0,0.470754,0.317587,0.180049,0.482062,0.14642,0.219407,597,597,597,597,597,597
599.0,0.470754,0.317587,0.180049,0.419523,0.188255,0.276297,598,598,598,598,598,598
600.0,0.470754,0.317587,0.180049,0.43852,0.266386,0.323944,599,599,599,599,599,599
601.0,0.470754,0.317587,0.180049,0.524748,0.321978,0.32647,600,600,600,600,600,600
602.0,0.470754,0.317587,0.180049,0.613275,0.313169,0.281972,601,601,601,601,601,601
603.0,0.600099,0.230506,0.178079,0.49394,0.361308,0.237147,602,602,602,602,602,602
604.0,0.600099,0.230506,0.178079,0.56763,0.341475,0.294378,603,603,603,603,603,603
605.0,0.600099,0.230506,0.178079,0.591803,0.255705,0.329048,604,604,604,604,604,604
606.0,0.600099,0.230506,0.178079,0.548256,0.168584,0.315051,605,605,605,605,605,605
607.0,0.600099,0.230506,0.178079,0.469781,0.145717,0.262927,606,606,606,606,606,606
608.0,0.600099,0.230506,0.178079,0.415471,0.204322,0.211925,607,607,607,607,607,607
609.0,0.600099,0.230506,0.178079,0.426223,0.30027,0.200453,608,608,608,608,608,608
610.0,0.446128,0.214351,0.176109,0.445229,0.232198,0.327993,609,609,609,609,609,609
611.0,0.446128,0.214351,0.176109,0.443097,0.322658,0.297027,610,610,610,610,610,610
612.0,0.446128,0.214351,0.176109,0.508467,0.363789,0.241803,611,611,611,611,611,611
613.0,0.446128,0.214351,0.176109,0.592114,0.324618,0.203906,612,612,612,612,612,612
614.0,0.446128,0.214351,0.176109,0.63105,0.234643,0.211874,613,613,613,613,613,613
615.0,0.446128,0.214351,0.176109,0.595955,0.161616,0.259706,614,614,614,614,614,614
616.0,0.446128,0.214351,0.176109,0.513257,0.160528,0.311384,615,615,615,615,615,615
617.0,0.544522,0.318923,0.174138,0.547332,0.316559,0.326768,616,616,616,616,616,616
618.0,0.544522,0.318923,0.174138,0.622962,0.255273,0.302199,617,617,617,617,617,617
619.0,0.544522,0.318923,0.174138,0.615799,0.179615,0.249775,618,618,618,618,618,618
620.0,0.544522,0.318923,0.174138,0.531236,0.146557,0.208973,619,619,619,619,619,619
621.0,0.544522,0.318923,0.174138,0.432951,0.180992,0.210517,620,620,620,620,620,620
622.0,0.544522,0.318923,0.174138,0.394955,0.25699,0.253245,621,621,621,621,621,621
623.0,0.544522,0.318923,0.174138,0.44586,0.317323,0.304982,622,622,622,622,622,622
624.0,0.547956,0.185384,0.172168,0.617042,0.318417,0.256905,623,623,623,623,623,623
625.0,0.547956,0.185384,0.172168,0.619397,0.239503,0.305945,624,624,624,624,624,624
626.0,0.547956,0.185384,0.172168,0.541125,0.17825,0.324607,625,625,625,625,625,625
627.0,0.547956,0.185384,0.172168,0.441166,0.180783,0.298838,626,626,626,626,626,626
628.0,0.547956,0.185384,0.172168,0.394791,0.245195,0.248043,627,627,627,627,627,627
629.0,0.547956,0.185384,0.172168,0.436922,0.322982,0.210471,628,628,628,628,628,628
630.0,0.547956,0.185384,0.172168,0.535833,0.355569,0.214415,629,629,629,629,629,629
631.0,0.452285,0.277809,0.170197,0.515668,0.135566,0.246255,630,630,630,630,630,630
632.0,0.452285,0.277809,0.170197,0.442528,0.176267,0.295164,631,631,631,631,631,631
633.0,0.452285,0.277809,0.170197,0.436389,0.268295,0.322111,632,632,632,632,632,632
634.0,0.452285,0.277809,0.170197,0.501874,0.342352,0.306803,633,633,633,633,633,633
635.0,0.452285,0.277809,0.170197,0.589671,0.34267,0.260769,634,634,634,634,634,634
636.0,0.452285,0.277809,0.170197,0.633668,0.269012,0.218673,635,635,635,635,635,635
637.0,0.452285,0.277809,0.170197,0.600733,0.176841,0.212213,636,636,636,636,636,636
638.0,0.583835,0.269788,0.168227,0.541719,0.139062,0.265877,637,637,637,637,637,637
639.0,0.583835,0.269788,0.168227,0.45294,0.157589,0.223982,638,638,638,638,638,638
640.0,0.583835,0.269788,0.168227,0.403463,0.242719,0.214024,639,639,639,639,639,639
641.0,0.583835,0.269788,0.168227,0.430546,0.330348,0.243501,640,640,640,640,640,640
642.0,0.583835,0.269788,0.168227,0.513794,0.354489,0.290216,641,641,641,641,641,641
643.0,0.583835,0.269788,0.168227,0.59052,0.296963,0.318993,642,642,642,642,642,642
644.0,0.583835,0.269788,0.168227,0.602948,0.201089,0.308161,643,643,643,643,643,643
645.0,0.48624,0.197469,0.166256,0.40811,0.282293,0.285019,644,644,644,644,644,644
646.0,0.48624,0.197469,0.166256,0.45941,0.350188,0.241045,645,645,645,645,645,645
647.0,0.48624,0.197469,0.166256,0.559872,0.350572,0.216456,646,646,646,646,646,646
648.0,0.48624,0.197469,0.166256,0.633847,0.283155,0.229768,647,647,647,647,647,647
649.0,0.48624,0.197469,0.166256,0.62563,0.198705,0.270958,648,648,648,648,648,648
650.0,0.48624,0.197469,0.166256,0.541409,0.160814,0.309007,649,649,649,649,649,649
651.0,0.48624,0.197469,0.166256,0.444603,0.198014,0.315265,650,650,650,650,650,650
652.0,0.50454,0.305027,0.164286,0.610294,0.177546,0.228925,651,651,651,651,651,651
653.0,0.50454,0.305027,0.164286,0.513565,0.140548,0.2212,652,652,652,652,652,652
654.0,0.50454,0.305027,0.164286,0.422457,0.177666,0.248102,653,653,653,653,653,653
655.0,0.50454,0.305027,0.164286,0.405575,0.260949,0.289372,654,654,654,654,654,654
656.0,0.50454,0.305027,0.164286,0.475632,0.327683,0.313934,655,655,655,655,655,655
657.0,0.50454,0.305027,0.164286,0.579874,0.327617,0.303292,656,656,656,656,656,656
658.0,0.50454,0.305027,0.164286,0.639804,0.2608,0.265459,657,657,657,657,657,657
659.0,0.564736,0.220433,0.162315,0.617266,0.239019,0.30825,658,658,658,658,658,658
660.0,0.564736,0.220433,0.162315,0.553489,0.161661,0.306084,659,659,659,659,659,659
661.0,0.564736,0.220433,0.162315,0.456181,0.15529,0.274923,660,660,660,660,660,660
662.0,0.564736,0.220433,0.162315,0.398618,0.224704,0.238231,661,661,661,661,661,661
663.0,0.564736,0.220433,0.162315,0.424146,0.317633,0.223639,662,662,662,662,662,662
664.0,0.564736,0.220433,0.162315,0.513541,0.364098,0.242134,663,663,663,663,663,663
665.0,0.564736,0.220433,0.162315,0.599488,0.329112,0.279789,664,664,664,664,664,664
666.0,0.467522,0.243387,0.160345,0.447245,0.177578,0.3012,665,665,665,665,665,665
667.0,0.467522,0.243387,0.160345,0.419309,0.27128,0.306129,666,666,666,666,666,666
668.0,0.467522,0.243387,0.160345,0.473558,0.349959,0.282326,667,667,667,667,667,667
669.0,0.467522,0.243387,0.160345,0.569142,0.354368,0.247716,668,668,668,668,668,668
670.0,0.467522,0.243387,0.160345,0.634083,0.281187,0.22836,669,669,669,669,669,669
671.0,0.467522,0.243387,0.160345,0.61948,0.185522,0.238833,670,670,670,670,670,670
672.0,0.467522,0.243387,0.160345,0.53633,0.139412,0.27125,671,671,671,671,671,671
673.0,0.547176,0.282491,0.158374,0.540274,0.137377,0.246102,672,672,672,672,672,672
674.0,0.547176,0.282491,0.158374,0.440349,0.163337,0.232891,673,673,673,673,673,673
675.0,0.547176,0.282491,0.158374,0.394741,0.249654,0.246395,674,674,674,674,674,674
676.0,0.547176,0.282491,0.158374,0.437795,0.33133,0.276446,675,675,675,675,675,675
677.0,0.547176,0.282491,0.158374,0.537089,0.34686,0.300414,676,676,676,676,676,676
678.0,0.547176,0.282491,0.158374,0.617853,0.284551,0.300251,677,677,677,677,677,677
679.0,0.547176,0.282491,0.158374,0.619271,0.191323,0.27608,678,678,678,678,678,678
680.0,0.520291,0.214285,0.156404,0.552764,0.359429,0.240369,679,679,679,679,679,679
681.0,0.520291,0.214285,0.156404,0.630284,0.297332,0.258961,680,680,680,680,680,680
682.0,0.520291,0.214285,0.156404,0.623156,0.204987,0.284934,681,681,681,681,681,681
683.0,0.520291,0.214285,0.156404,0.536746,0.151932,0.298731,682,682,682,682,682,682
684.0,0.520291,0.214285,0.156404,0.436123,0.178119,0.289961,683,683,683,683,683,683
685.0,0.520291,0.214285,0.156404,0.397058,0.263827,0.26523,684,684,684,684,684,684
686.0,0.520291,0.214285,0.156404,0.448968,0.344518,0.243159,685,685,685,685,685,685
687.0,0.496846,0.269526,0.154434,0.458705,0.337634,0.29209,686,686,686,686,686,686
688.0,0.496846,0.269526,0.154434,0.561509,0.35166,0.279567,687,687,687,687,687,687
689.0,0.496846,0.269526,0.154434,0.634992,0.286189,0.259206,688,688,688,688,688,688
690.0,0.496846,0.269526,0.154434,0.62382,0.190522,0.246339,689,689,689,689,689,689
691.0,0.496846,0.269526,0.154434,0.536405,0.136699,0.250656,690,690,690,690,690,690
692.0,0.496846,0.269526,0.154434,0.438573,0.165249,0.268905,691,691,691,691,691,691
693.0,0.496846,0.269526,0.154434,0.403994,0.254673,0.287345,692,692,692,692,692,692
694.0,0.535703,0.249433,0.152463,0.582733,0.157706,0.277665,693,693,693,693,693,693
695.0,0.535703,0.249433,0.152463,0.479917,0.142725,0.266061,694,694,694,694,694,694
696.0,0.535703,0.249433,0.152463,0.403354,0.208612,0.257087,695,695,695,695,695,695
697.0,0.535703,0.249433,0.152463,0.410699,0.305754,0.2575,696,696,696,696,696,696
698.0,0.535703,0.249433,0.152463,0.49642,0.361,0.26699,697,697,697,697,697,697
699.0,0.535703,0.249433,0.152463,0.595968,0.332749,0.27841,698,698,698,698,698,698
700.0,0.535703,0.249433,0.152463,0.634381,0.242275,0.283161,699,699,699,699,699,699
